﻿pos_x,pos_y,rotation,side,designator,mpn,pack,footprint,value,mount_type
165.6625,-68.75,0.0,bottom,C1,,,R_0603_1608Metric_Pad0.98x0.95mm_HandSolder,22n,smt
159.6,-106.26,-90.0,top,ESP32C6,,,Waveshare ESP32-C6 Mini Development Board,~,smt
178.0,-99.75,90.0,top,J1,,,PinHeader_2x01_P2.54mm_Vertical,Conn_water,tht
173.25,-67.75,90.0,top,J2,,,PinHeader_2x01_P2.54mm_Vertical,Conn_pump,tht
164.75,-62.25,90.0,top,J3,,,Molex_KK-396_A-41791-0002_1x02_P3.96mm_Vertical,Conn_Power,tht
180.75,-87.75,-90.0,top,J4,,,PinHeader_2x01_P2.54mm_Vertical,Conn_waterlevel,tht
157.0,-100.5,180.0,top,J5,,,PinHeader_1x04_P2.54mm_Vertical,Conn_01x04,tht
161.0,-81.25,0.0,top,K1,,,Relay_SPDT_Finder_34.51_Vertical,FINDER-34.51,tht
179.0,-68.25,-90.0,top,Q1,,,TO-220-3_Vertical_GDS,IRLZ44N,tht
179.0,-57.67,-90.0,top,Q2,,,TO-220-3_Vertical_GDS,IRLZ44N,tht
176.9075,-119.25,0.0,bottom,R1,,,R_0201_0603Metric_Pad0.64x0.40mm_HandSolder,47k,smt
176.9075,-115.625,0.0,bottom,R2,,,R_0201_0603Metric_Pad0.64x0.40mm_HandSolder,47k,smt
176.9075,-112.0,180.0,bottom,R3,,,R_0201_0603Metric_Pad0.64x0.40mm_HandSolder,47k,smt
161.67,-73.0,0.0,top,U1,,,Converter_DCDC_TRACO_TSR-1_THT,TSR_1-2450,tht
