﻿Designator,Quantity,Value,Footprint,Package,MPN,DNP,Mount_Type,Description
C1,1,22n,R_0603_1608Metric_Pad0.98x0.95mm_HandSolder,,,,smt,
ESP32C6,1,~,Waveshare ESP32-C6 Mini Development Board,,,,smt,
J1,1,Conn_water,PinHeader_2x01_P2.54mm_Vertical,,,,tht,"Generic connector, double row, 02x01, this symbol is compatible with counter-clockwise, top-bottom and odd-even numbering schemes., script generated (kicad-library-utils/schlib/autogen/connector/)"
J2,1,Conn_pump,PinHeader_2x01_P2.54mm_Vertical,,,,tht,"Generic connector, double row, 02x01, this symbol is compatible with counter-clockwise, top-bottom and odd-even numbering schemes., script generated (kicad-library-utils/schlib/autogen/connector/)"
J3,1,Conn_Power,Molex_KK-396_A-41791-0002_1x02_P3.96mm_Vertical,,,,tht,"Generic connector, double row, 02x01, this symbol is compatible with counter-clockwise, top-bottom and odd-even numbering schemes., script generated (kicad-library-utils/schlib/autogen/connector/)"
J4,1,Conn_waterlevel,PinHeader_2x01_P2.54mm_Vertical,,,,tht,"Generic connector, double row, 02x01, this symbol is compatible with counter-clockwise, top-bottom and odd-even numbering schemes., script generated (kicad-library-utils/schlib/autogen/connector/)"
J5,1,Conn_01x04,PinHeader_1x04_P2.54mm_Vertical,,,,tht,"Generic connector, single row, 01x04, script generated (kicad-library-utils/schlib/autogen/connector/)"
K1,1,FINDER-34.51,Relay_SPDT_Finder_34.51_Vertical,,,,tht,Ultra-slim 1 Pole - 6A SPDT relay
"Q1, Q2",2,IRLZ44N,TO-220-3_Vertical_GDS,,,,tht,"TO-220 N-MOSFET enchancement mode transistor, 55V, 47A, 110W, Alternate KiCAD Library"
"R1, R2, R3",3,47k,R_0201_0603Metric_Pad0.64x0.40mm_HandSolder,,,,smt,Resistor
U1,1,TSR_1-2450,Converter_DCDC_TRACO_TSR-1_THT,,,,tht,
